{"cameraMode":{"drawMode":0,"name":"Shaded","section":"Shading Mode"},"sceneLighting":true,"audioPlay":false,"sceneViewState":{"m_AlwaysRefresh":false,"showFog":true,"showSkybox":true,"showFlares":true,"showImageEffects":true,"showParticleSystems":true,"showVisualEffectGraphs":true,"m_FxEnabled":true},"in2DMode":false,"pivot":{"x":-1.8440325260162354,"y":24.62133026123047,"z":-10.145499229431153},"rotation":{"x":0.5868183374404907,"y":0.018466150388121606,"z":-0.013387247920036316,"w":0.8094028234481812},"size":1.6008573770523072,"orthographic":false}