{"cameraMode":{"drawMode":0,"name":"Shaded","section":"Shading Mode"},"sceneLighting":false,"audioPlay":false,"sceneViewState":{"m_AlwaysRefresh":false,"showFog":true,"showSkybox":false,"showFlares":true,"showImageEffects":true,"showParticleSystems":true,"showVisualEffectGraphs":true,"m_FxEnabled":true},"in2DMode":false,"pivot":{"x":0.2928973436355591,"y":0.9870021939277649,"z":-1.6857531070709229},"rotation":{"x":-0.056227292865514758,"y":-0.6262997984886169,"z":0.04536588490009308,"w":-0.7762296795845032},"size":0.46612903475761416,"orthographic":false}