{"cameraMode":{"drawMode":0,"name":"Shaded","section":"Shading Mode"},"sceneLighting":false,"audioPlay":false,"sceneViewState":{"m_AlwaysRefresh":false,"showFog":true,"showSkybox":false,"showFlares":true,"showImageEffects":true,"showParticleSystems":true,"showVisualEffectGraphs":true,"m_FxEnabled":true},"in2DMode":false,"pivot":{"x":-1.5220392942428589,"y":0.044317781925201419,"z":0.32169902324676516},"rotation":{"x":-0.19187575578689576,"y":0.46002939343452456,"z":-0.10254703462123871,"w":-0.8608511090278626},"size":0.9822872281074524,"orthographic":false}