{"cameraMode":{"drawMode":0,"name":"Shaded","section":"Shading Mode"},"sceneLighting":false,"audioPlay":false,"sceneViewState":{"m_AlwaysRefresh":false,"showFog":true,"showSkybox":false,"showFlares":true,"showImageEffects":true,"showParticleSystems":true,"showVisualEffectGraphs":true,"m_FxEnabled":true},"in2DMode":false,"pivot":{"x":1.9958295822143555,"y":-0.13236939907073975,"z":-0.007702231407165527},"rotation":{"x":-0.32870787382125857,"y":-0.1709613800048828,"z":0.06062948703765869,"w":-0.9268527626991272},"size":0.8689217567443848,"orthographic":false}