{"cameraMode":{"drawMode":0,"name":"Shaded","section":"Shading Mode"},"sceneLighting":false,"audioPlay":false,"sceneViewState":{"m_AlwaysRefresh":false,"showFog":true,"showSkybox":false,"showFlares":true,"showImageEffects":true,"showParticleSystems":true,"showVisualEffectGraphs":true,"m_FxEnabled":true},"in2DMode":false,"pivot":{"x":1.9958295822143555,"y":-0.13236939907073975,"z":-0.007702231407165527},"rotation":{"x":-0.15348152816295625,"y":-0.5767906308174133,"z":0.11141280829906464,"w":-0.7945774793624878},"size":1.8488826751708985,"orthographic":false}